thno;thsts;thsid;thnm_1;thjsh;thtax;thdis;thlmd;thuid;thfil_1;thfil_2;thfil_3;thfil_4
1;Grocery navigate;payment program;Unbranded Integration;89754;189;2021-12-25;2021-12-25;interface Card;432;4201;Corporate methodologies;District blue
2;Coves;Chicken;Bedfordshire Generic invoice;89701;15482;2021-12-25;2021-12-24;Hampshire;65961;13417;Tuna compressing Avon;sensor
3;Plastic;Tasty;generate Wall Garden;32015;3425;2021-12-25;2021-12-25;repurpose withdrawal;89412;34313;Designer Man;radical index
4;project RSS fresh-thinking;Licensed Optimizatio;Global;84063;44137;2021-12-25;2021-12-25;Lock Reduced;5318;58841;Communications Kwanza;action-items
5;grow Steel Optimization;green;Market logistical;77069;45463;2021-12-25;2021-12-24;proactive Money Knolls;73604;95224;functionalities Innovative mic;Chicken Forward Cotton
6;Bedfordshire Practical;Sausages Montana;empowering synthesize Rubber;75844;96071;2021-12-25;2021-12-25;encompassing New;76299;90687;port reinvent Analyst;product services
7;Chair Metal Shores;Philippines;non-volatile capacitor haptic;49963;44331;2021-12-25;2021-12-25;Salad;83243;77260;Advanced Computers;payment
8;Cotton;Ergonomic;Future Sheqel user-centric;11761;74006;2021-12-25;2021-12-24;Faroe protocol;71551;15403;grid-enabled Small;Practical bus
9;service-desk reboot programming;purple;TCP feed Checking;12552;16617;2021-12-24;2021-12-25;budgetary;10878;78592;Ergonomic Metrics Refined;Account Berkshire Quality
10;eyeballs Vermont;regional Associate;payment;52673;94489;2021-12-25;2021-12-25;quantify virtual protocol;4132;93104;Practical Sweden;Ergonomic applications Organiz
